player_id,salary,team_code,HEIGHT,experience,AGE,PLAYER_ID,PLAYER_SEASON_STATS_SEASON,PLAYER_SEASON_STATS_TEAM_code,PLAYER_SEASON_STATS_LEAGUE,PLAYER_SEASON_STATS_FTA,PLAYER_SEASON_STATS_POSITION,PLAYER_SEASON_STATS_G,PLAYER_SEASON_STATS_GS,PLAYER_SEASON_STATS_MP,PLAYER_SEASON_STATS_FG,PLAYER_SEASON_STATS_FGA,PLAYER_SEASON_STATS_FGP,PLAYER_SEASON_STATS_3P,PLAYER_SEASON_STATS_3PA,PLAYER_SEASON_STATS_3PP,PLAYER_SEASON_STATS_2P,PLAYER_SEASON_STATS_2PA,PLAYER_SEASON_STATS_2PP,PLAYER_SEASON_STATS_FT,PLAYER_SEASON_STATS_FTP,PLAYER_SEASON_STATS_ORB,PLAYER_SEASON_STATS_DRB,PLAYER_SEASON_STATS_TRB,PLAYER_SEASON_STATS_AST,PLAYER_SEASON_STATS_STL,PLAYER_SEASON_STATS_BLK,PLAYER_SEASON_STATS_TOV,PLAYER_SEASON_STATS_PLAYER_SEASON_STATS_PF,PLAYER_SEASON_STATS_PTS
martike01,16545454.0,DEN,202.5,13,36,martike01,2010-11,DEN,NBA,72,PF,48,48,1233,185,362,0.511,2,9,0.222,183,353,0.518,42,0.583,67,230,297,109,43,35,59,136,414
hilarne01,11360000.0,DEN,207.5,11,31,hilarne01,2010-11,DEN,NBA,402,C,75,75,2291,402,654,0.615,1,5,0.2,401,649,0.618,286,0.711,145,426,571,149,84,73,134,238,1091
feltora01,7500000.0,DEN,182.5,8,29,feltora01,2010-11,DEN,NBA,60,SG,21,0,663,88,204,0.431,28,61,0.459,60,143,0.42,37,0.617,8,67,75,137,28,0,45,37,241
smithjr01,6757851.0,DEN,195,9,28,smithjr01,2010-11,DEN,NBA,221,SF,79,6,1968,341,784,0.435,124,318,0.39,217,466,0.466,163,0.738,45,277,322,175,92,16,100,173,969
harrial01,5765000.0,DEN,202.5,15,33,harrial01,2010-11,DEN,NBA,117,PF,73,3,1665,281,675,0.416,117,328,0.357,164,347,0.473,86,0.735,76,256,332,101,39,10,106,202,765
anderch01,4533300.0,DEN,205,11,35,anderch01,2010-11,DEN,NBA,135,C,45,0,732,82,137,0.599,0,1,0.0,82,136,0.603,86,0.637,75,144,219,20,23,58,25,79,250
mozgoti01,3567096.0,DEN,212.5,3,27,mozgoti01,2010-11,DEN,NBA,8,C,11,0,66,11,21,0.524,0,0,0.0,11,21,0.524,6,0.75,5,12,17,0,1,2,3,8,28
gallida01,3304560.0,DEN,205,5,25,gallida01,2010-11,DEN,NBA,101,SF,14,12,433,54,131,0.412,20,54,0.37,34,77,0.442,78,0.772,11,65,76,22,13,9,25,27,206
chandwi01,2130482.0,DEN,200,6,26,chandwi01,2010-11,DEN,NBA,42,SF,21,19,642,101,241,0.419,26,75,0.347,75,166,0.452,34,0.81,13,92,105,34,14,24,37,47,262
afflaar01,1959577.0,DEN,192.5,6,28,afflaar01,2010-11,DEN,NBA,163,SG,69,69,2324,312,627,0.498,105,248,0.423,207,379,0.546,138,0.847,45,206,251,168,34,31,71,153,867
lawsoty01,1546560.0,DEN,177.5,4,26,lawsoty01,2010-11,DEN,NBA,225,PG,80,31,2103,346,688,0.503,69,171,0.404,277,517,0.536,172,0.764,67,142,209,377,80,4,137,133,933
koufoko01,1352640.0,DEN,210,5,24,koufoko01,2010-11,DEN,NBA,19,C,11,1,98,21,42,0.5,0,0,0.0,21,42,0.5,12,0.632,15,18,33,0,2,5,6,9,54
forbega01,473604.0,DEN,197.5,2,28,forbega01,2010-11,DEN,NBA,87,SF,63,11,791,124,273,0.454,19,58,0.328,105,215,0.488,59,0.678,28,88,116,49,23,6,46,77,326
anthoca01,17149243.0,NYK,200,10,29,anthoca01,2010-11,NYK,NBA,188,SF,27,27,977,247,536,0.461,53,125,0.424,194,411,0.472,164,0.872,41,140,181,81,25,15,64,90,711
billuch01,13150000.0,NYK,187.5,16,37,billuch01,2010-11,NYK,NBA,132,PG,21,21,664,104,258,0.403,41,125,0.328,63,133,0.474,119,0.902,13,52,65,116,19,2,48,52,368
turiaro01,4000000.0,NYK,205,8,31,turiaro01,2010-11,NYK,NBA,98,C,64,21,1141,103,163,0.632,0,0,0.0,103,163,0.632,61,0.622,64,143,207,92,35,73,41,160,267
balkmre01,1675000.0,NYK,200,6,29,balkmre01,2010-11,NYK,NBA,0,SF,3,0,18,1,4,0.25,1,2,0.5,0,2,0.0,0,0.0,1,2,3,0,1,0,1,4,3
masonro01,1400000.0,NYK,192.5,9,33,masonro01,2010-11,NYK,NBA,10,SG,26,0,319,26,77,0.338,16,44,0.364,10,33,0.303,7,0.7,5,38,43,20,6,2,6,25,75
cartean01,1352181.0,NYK,182.5,,,cartean01,2010-11,NYK,NBA,6,PG,19,0,310,35,76,0.461,8,28,0.286,27,48,0.563,6,1.0,7,32,39,43,18,5,25,30,84
douglto01,1071000.0,NYK,185,4,27,douglto01,2010-11,NYK,NBA,107,SG,81,9,1971,314,755,0.416,143,383,0.373,171,372,0.46,85,0.794,65,179,244,244,89,4,89,177,856
willish02,915852.0,NYK,202.5,,,willish02,2010-11,NYK,NBA,29,PF,17,6,198,21,39,0.538,0,0,0.0,21,39,0.538,24,0.828,19,31,50,13,5,4,6,34,66
willish03,885210.0,NYK,202.5,5,27,willish03,2010-11,NYK,NBA,49,PF,64,11,1323,164,385,0.426,85,212,0.401,79,173,0.457,41,0.837,60,179,239,47,39,51,46,164,454
walkebi01,854389.0,NYK,195,,,walkebi01,2010-11,NYK,NBA,44,SG,61,1,784,104,236,0.441,59,153,0.386,45,83,0.542,31,0.705,16,106,122,34,21,6,37,81,298
fieldla01,473604.0,NYK,197.5,3,25,fieldla01,2010-11,NYK,NBA,147,SG,82,81,2541,299,602,0.497,86,219,0.393,213,383,0.556,113,0.769,105,416,521,155,80,17,107,114,797
martike02,11100005.0,HOU,197.5,9,31,martike02,2010-11,HOU,NBA,669,SG,80,80,2603,553,1267,0.436,176,459,0.383,377,808,0.467,594,0.888,28,230,258,198,80,15,184,155,1876
scolalu01,7775378.0,HOU,202.5,6,33,scolalu01,2010-11,HOU,NBA,290,PF,74,74,2412,569,1129,0.504,0,3,0.0,569,1126,0.505,214,0.738,147,459,606,185,48,44,147,227,1352
jeffrja01,6883800.0,HOU,207.5,11,32,jeffrja01,2010-11,HOU,NBA,10,PF,18,0,138,11,36,0.306,1,6,0.167,10,30,0.333,4,0.4,20,15,35,11,7,3,4,21,27
lowryky01,5750000.0,HOU,180,7,27,lowryky01,2010-11,HOU,NBA,251,PG,75,71,2563,345,809,0.426,129,343,0.376,216,466,0.464,192,0.765,89,220,309,500,102,23,158,207,1011
thabeha01,4793280.0,HOU,217.5,4,26,thabeha01,2010-11,HOU,NBA,0,C,2,0,4,0,1,0,0,0,0.0,0,1,0.0,0,0.0,0,0,0,0,0,1,0,3,0
millebr01,4400000.0,HOU,207.5,,,millebr01,2010-11,HOU,NBA,94,C,60,5,1015,132,296,0.446,40,107,0.374,92,189,0.487,78,0.83,44,178,222,145,28,21,54,98,382
hilljo01,2669520.0,HOU,205,4,26,hilljo01,2010-11,HOU,NBA,85,C,72,11,1125,173,352,0.491,0,2,0.0,173,350,0.494,60,0.706,128,178,306,29,14,52,62,157,406
willite01,2214480.0,HOU,195,,,willite01,2010-11,HOU,NBA,11,SG,11,0,84,14,42,0.333,2,10,0.2,12,32,0.375,9,0.818,1,14,15,7,4,0,8,4,39
hayesch01,1972500.0,HOU,195,8,30,hayesch01,2010-11,HOU,NBA,142,C,74,63,2079,244,463,0.527,0,2,0.0,244,461,0.529,94,0.662,219,380,599,202,79,49,86,200,582
dragigo01,1972000.0,HOU,190,5,27,dragigo01,2010-11,HOU,NBA,36,PG,22,3,378,59,125,0.472,28,54,0.519,31,71,0.437,24,0.667,12,44,56,55,14,4,21,35,170
pattepa01,1823280.0,HOU,202.5,3,24,pattepa01,2010-11,HOU,NBA,42,PF,52,6,868,149,267,0.558,0,2,0.0,149,265,0.562,30,0.714,86,114,200,41,17,37,31,77,328
leeco01,1409040.0,HOU,192.5,5,28,leeco01,2010-11,HOU,NBA,120,SG,81,1,1723,253,576,0.439,71,174,0.408,182,402,0.453,95,0.792,51,158,209,100,58,18,68,102,672
carrode01,1085400.0,HOU,200,4,27,carrode01,2010-11,HOU,NBA,0,PF,5,0,11,0,3,0,0,0,0.0,0,3,0.0,0,0.0,0,0,0,2,0,0,0,0,0
budinch01,780871.0,HOU,197.5,4,25,budinch01,2010-11,HOU,NBA,138,SF,78,22,1738,279,656,0.425,89,274,0.325,190,382,0.497,118,0.855,52,229,281,127,41,18,67,114,765
cartevi01,17300000.0,PHO,195,15,37,cartevi01,2010-11,PHO,NBA,98,SG,51,41,1387,264,625,0.422,89,243,0.366,175,382,0.458,72,0.735,43,142,185,82,47,17,54,123,689
nashst01,10310938.0,PHO,187.5,17,40,nashst01,2010-11,PHO,NBA,249,PG,75,75,2497,399,811,0.492,81,205,0.395,318,606,0.525,227,0.912,40,220,260,855,48,4,265,87,1106
childjo01,6500000.0,PHO,200,7,30,childjo01,2010-11,PHO,NBA,59,SG,54,3,894,121,214,0.565,1,16,0.063,120,198,0.606,29,0.492,69,86,155,42,33,23,44,68,272
gortama01,6322320.0,PHO,207.5,6,29,gortama01,2010-11,PHO,NBA,175,C,55,12,1636,294,522,0.563,1,4,0.25,293,518,0.566,128,0.731,110,403,513,53,29,70,64,136,717
pietrmi01,5300000.0,PHO,195,10,32,pietrmi01,2010-11,PHO,NBA,51,SG,38,4,689,98,250,0.392,51,149,0.342,47,101,0.465,36,0.706,9,67,76,23,19,18,25,66,283
fryech01,5200000.0,PHO,207.5,7,30,fryech01,2010-11,PHO,NBA,107,PF,77,64,2541,358,829,0.432,171,439,0.39,187,390,0.479,89,0.832,65,448,513,96,46,79,73,272,976
warriha01,4250000.0,PHO,202.5,,,warriha01,2010-11,PHO,NBA,294,PF,80,6,1416,228,446,0.511,1,11,0.091,227,435,0.522,212,0.721,88,208,296,69,32,9,79,100,669
hillgr01,3324000.0,PHO,200,,,hillgr01,2010-11,PHO,NBA,257,SF,80,80,2409,399,825,0.484,45,114,0.395,354,711,0.498,213,0.829,77,261,338,200,64,35,134,184,1056
dudleja01,2151068.0,PHO,197.5,6,28,dudleja01,2010-11,PHO,NBA,218,SF,82,15,2140,300,629,0.477,105,253,0.415,195,376,0.519,162,0.743,111,207,318,108,87,20,77,139,867
lopezro01,1867320.0,PHO,210,5,25,lopezro01,2010-11,PHO,NBA,100,C,67,56,991,179,357,0.501,0,0,0.0,179,357,0.501,74,0.74,82,134,216,8,18,45,48,143,432
barroea01,188558.0,PHO,210,7,32,barroea01,2010-11,PHO,NBA,20,C,12,6,183,12,51,0.235,0,0,0.0,12,51,0.235,12,0.6,16,24,40,4,6,4,11,32,36
collini01,13250000.0,OKC,202.5,9,33,collini01,2010-11,OKC,NBA,73,C,71,2,1524,137,242,0.566,0,0,0.0,137,242,0.566,55,0.753,119,197,316,69,42,31,55,210,329
mohamna01,6883800.0,OKC,205,15,36,mohamna01,2010-11,OKC,NBA,24,C,24,7,429,75,131,0.573,0,0,0.0,75,131,0.573,15,0.625,46,70,116,6,16,10,19,63,165
duranke01,6053663.0,OKC,202.5,6,25,duranke01,2010-11,OKC,NBA,675,SF,78,78,3038,711,1538,0.462,145,414,0.35,566,1124,0.504,594,0.88,57,476,533,214,88,76,218,159,2161
hardeja01,4304520.0,OKC,192.5,4,24,hardeja01,2010-11,OKC,NBA,343,SG,82,5,2189,298,684,0.436,113,324,0.349,185,360,0.514,289,0.843,42,213,255,176,92,24,106,207,998
robinna01,4200000.0,OKC,172.5,8,29,robinna01,2010-11,OKC,NBA,4,PG,4,0,30,4,15,0.267,2,8,0.25,2,7,0.286,3,0.75,0,1,1,6,0,0,2,8,13
westbru01,4017720.0,OKC,187.5,5,25,westbru01,2010-11,OKC,NBA,631,PG,82,82,2847,614,1390,0.442,34,103,0.33,580,1287,0.451,531,0.842,121,258,379,670,155,30,316,207,1793
sefolth01,3250000.0,OKC,192.5,7,29,sefolth01,2010-11,OKC,NBA,79,SG,79,79,2049,157,333,0.471,28,102,0.275,129,231,0.558,59,0.747,65,281,346,111,97,38,55,171,401
cookda02,2169857.0,OKC,192.5,6,26,cookda02,2010-11,OKC,NBA,20,SG,43,0,598,79,181,0.436,65,154,0.422,14,27,0.519,16,0.8,8,64,72,20,14,1,17,51,239
aldrico01,2126520.0,OKC,207.5,3,25,aldrico01,2010-11,OKC,NBA,4,C,18,0,142,8,15,0.533,0,0,0.0,8,15,0.533,2,0.5,13,22,35,4,5,7,8,30,18
maynoer01,1417800.0,OKC,187.5,4,26,maynoer01,2010-11,OKC,NBA,59,PG,82,0,1200,134,333,0.402,37,96,0.385,97,237,0.409,43,0.729,25,96,121,238,35,6,77,96,348
ibakase01,1204200.0,OKC,205,4,24,ibakase01,2010-11,OKC,NBA,184,PF,82,44,2216,335,617,0.543,0,1,0.0,335,616,0.544,138,0.75,214,408,622,22,31,198,71,267,808
mulleby01,1204200.0,OKC,210,4,24,mulleby01,2010-11,OKC,NBA,14,PF,13,0,85,9,28,0.321,0,0,0.0,9,28,0.321,7,0.5,6,18,24,0,2,3,8,11,25
iveyro01,1200000.0,OKC,187.5,9,32,iveyro01,2010-11,OKC,NBA,2,SG,25,0,155,16,38,0.421,7,16,0.438,9,22,0.409,2,1.0,2,14,16,7,6,1,5,17,41
duncati01,18700000.0,SAS,207.5,16,37,duncati01,2010-11,SAS,NBA,257,C,76,76,2156,419,838,0.5,0,4,0.0,419,834,0.502,184,0.716,169,509,678,203,50,146,122,119,1022
parketo01,13500000.0,SAS,185,12,31,parketo01,2010-11,SAS,NBA,303,PG,78,78,2528,555,1069,0.519,25,70,0.357,530,999,0.531,233,0.769,30,208,238,513,90,3,200,135,1368
ginobma01,11854584.0,SAS,195,11,36,ginobma01,2010-11,SAS,NBA,410,SG,80,79,2426,441,1018,0.433,154,441,0.349,287,577,0.497,357,0.871,42,253,295,393,123,28,174,163,1393
jefferi01,8400000.0,SAS,197.5,12,33,jefferi01,2010-11,SAS,NBA,195,SF,81,81,2459,304,642,0.474,135,307,0.44,169,335,0.504,148,0.759,54,256,310,107,38,34,93,164,891
splitti01,3400000.0,SAS,207.5,3,29,splitti01,2010-11,SAS,NBA,140,C,60,6,738,101,191,0.529,0,1,0.0,101,190,0.532,76,0.543,72,129,201,26,29,17,32,91,278
bonnema01,3000000.0,SAS,205,9,33,bonnema01,2010-11,SAS,NBA,43,PF,66,1,1432,172,371,0.464,105,230,0.457,67,141,0.475,32,0.744,60,179,239,60,26,21,27,110,481
anderja01,1361400.0,SAS,195,3,24,anderja01,2010-11,SAS,NBA,18,SF,26,2,286,31,81,0.383,18,46,0.391,13,35,0.371,14,0.778,2,21,23,18,3,6,13,24,94
hillge01,1157160.0,SAS,185,5,27,hillge01,2010-11,SAS,NBA,270,PG,76,5,2148,287,633,0.453,77,204,0.377,210,429,0.49,233,0.863,24,175,199,193,66,21,99,153,884
blairde01,918000.0,SAS,197.5,4,24,blairde01,2010-11,SAS,NBA,137,PF,81,65,1734,292,583,0.501,0,2,0.0,292,581,0.503,90,0.657,215,350,565,77,95,42,113,213,674
nealga01,525000.0,SAS,190,3,29,nealga01,2010-11,SAS,NBA,104,SG,80,1,1685,285,632,0.451,129,308,0.419,156,324,0.481,84,0.808,21,175,196,96,27,4,78,148,783
novakst01,350179.0,SAS,205,7,30,novakst01,2010-11,SAS,NBA,8,SF,23,0,197,31,59,0.525,23,42,0.548,8,17,0.471,8,1.0,4,19,23,3,1,5,4,11,93
greenda02,94154.0,SAS,195,4,26,greenda02,2010-11,SAS,NBA,0,SG,8,0,92,17,35,0.486,7,19,0.368,10,16,0.625,0,0.0,3,12,15,2,2,1,5,7,41
geeal01,76219.0,SAS,195,4,26,geeal01,2010-11,SAS,NBA,0,SG,5,0,18,1,3,0.333,0,0,0.0,1,3,0.333,0,0.0,2,1,3,0,0,2,3,3,2
simmobo01,71951.0,SAS,197.5,,,simmobo01,2010-11,SAS,NBA,0,SF,2,0,16,0,3,0,0,3,0.0,0,0,0.0,0,0.0,0,0,0,2,0,0,0,2,0
owensla01,55718.0,SAS,197.5,,,owensla01,2010-11,SAS,NBA,4,SF,7,0,31,3,6,0.5,1,3,0.333,2,3,0.667,2,0.5,0,4,4,1,2,0,0,4,9
ellismo01,11000000.0,GSW,187.5,8,28,ellismo01,2010-11,GSW,NBA,431,SG,80,80,3227,726,1611,0.451,137,379,0.361,589,1232,0.478,340,0.789,44,237,281,450,168,23,252,203,1929
leeda02,10800000.0,GSW,202.5,8,30,leeda02,2010-11,GSW,NBA,267,PF,73,73,2634,496,978,0.507,1,3,0.333,495,975,0.508,210,0.787,217,497,714,233,74,31,170,211,1203
biedran01,9000000.0,GSW,207.5,9,27,biedran01,2010-11,GSW,NBA,31,C,59,55,1397,142,266,0.534,0,0,0.0,142,266,0.534,10,0.323,145,281,426,60,52,52,57,198,294
radmavl01,6883800.0,GSW,205,12,33,radmavl01,2010-11,GSW,NBA,34,PF,74,6,1169,137,318,0.431,70,173,0.405,67,145,0.462,30,0.882,64,148,212,79,44,44,57,157,374
wrighdo01,3500000.0,GSW,197.5,9,28,wrighdo01,2010-11,GSW,NBA,228,SF,82,82,3147,485,1146,0.423,194,516,0.376,291,630,0.462,180,0.789,88,343,431,242,124,63,133,171,1344
udohek01,3065040.0,GSW,205,3,26,udohek01,2010-11,GSW,NBA,64,C,58,18,1030,97,222,0.437,0,0,0.0,97,222,0.437,42,0.656,80,101,181,40,22,86,48,144,236
curryst01,2913840.0,GSW,187.5,4,25,curryst01,2010-11,GSW,NBA,227,PG,74,74,2489,505,1053,0.48,151,342,0.442,354,711,0.498,212,0.934,52,234,286,432,109,20,226,233,1373
amundlo01,2225000.0,GSW,202.5,7,31,amundlo01,2010-11,GSW,NBA,87,PF,46,7,691,83,183,0.454,0,0,0.0,83,183,0.454,34,0.391,81,104,185,17,14,33,24,87,200
willire02,762195.0,GSW,195,4,27,willire02,2010-11,GSW,NBA,134,SG,80,9,1626,268,572,0.469,102,241,0.423,166,331,0.502,100,0.746,45,171,216,121,28,3,57,124,738
linje01,473604.0,GSW,187.5,3,25,linje01,2010-11,GSW,NBA,25,PG,29,0,285,28,72,0.389,1,5,0.2,27,67,0.403,19,0.76,12,22,34,42,33,9,18,31,76
adrieje01,342666.0,GSW,197.5,3,28,adrieje01,2010-11,GSW,NBA,19,PF,23,0,196,23,54,0.426,0,0,0.0,23,54,0.426,11,0.579,23,35,58,10,4,5,9,28,57
boshch01,14500000.0,MIA,205,10,29,boshch01,2010-11,MIA,NBA,471,PF,77,77,2795,524,1056,0.496,6,25,0.24,518,1031,0.502,384,0.815,141,500,641,144,59,49,138,172,1438
jamesle01,14500000.0,MIA,200,10,29,jamesle01,2010-11,MIA,NBA,663,SF,79,79,3063,758,1485,0.51,92,279,0.33,666,1206,0.552,503,0.759,80,510,590,554,124,50,284,163,2111
wadedw01,14200000.0,MIA,190,10,32,wadedw01,2010-11,MIA,NBA,652,SG,76,76,2823,692,1384,0.5,63,206,0.306,629,1178,0.534,494,0.758,123,362,485,346,111,87,237,197,1941
millemi01,5000000.0,MIA,200,13,33,millemi01,2010-11,MIA,NBA,34,SG,41,2,838,81,202,0.401,43,118,0.364,38,84,0.452,23,0.676,38,146,184,51,20,2,41,88,228
hasleud01,3500000.0,MIA,200,10,33,hasleud01,2010-11,MIA,NBA,20,PF,13,0,345,44,86,0.512,0,0,0.0,44,86,0.512,16,0.8,29,77,106,6,7,3,14,39,104
anthojo01,3300000.0,MIA,202.5,6,31,anthojo01,2010-11,MIA,NBA,73,C,75,11,1463,53,99,0.535,0,0,0.0,53,99,0.535,47,0.644,104,162,266,24,10,93,36,194,153
howarju01,1352181.0,MIA,202.5,19,41,howarju01,2010-11,MIA,NBA,35,PF,57,0,592,55,125,0.44,0,0,0.0,55,125,0.44,29,0.829,36,86,122,23,10,4,25,61,139
magloja01,1229255.0,MIA,207.5,,,magloja01,2010-11,MIA,NBA,18,C,18,0,158,13,22,0.591,0,0,0.0,13,22,0.591,9,0.5,17,44,61,3,4,2,5,26,35
dampier01,1129469.0,MIA,207.5,,,dampier01,2010-11,MIA,NBA,44,C,51,22,815,52,89,0.584,0,1,0.0,52,88,0.591,24,0.545,53,124,177,22,14,47,32,82,128
jonesja02,1069509.0,MIA,200,10,33,jonesja02,2010-11,MIA,NBA,72,SF,81,8,1549,146,346,0.422,123,287,0.429,23,59,0.39,60,0.833,23,137,160,43,29,19,21,129,475
chalmma01,854389.0,MIA,182.5,5,27,chalmma01,2010-11,MIA,NBA,62,PG,70,28,1579,155,388,0.399,83,231,0.359,72,157,0.459,54,0.871,12,134,146,177,76,7,91,158,447
pittmde01,473604.0,MIA,207.5,3,25,pittmde01,2010-11,MIA,NBA,0,C,2,0,11,1,3,0.333,0,0,0.0,1,3,0.333,0,0.0,1,2,3,0,0,0,2,2,2
stackje01,222712.0,MIA,195,18,39,stackje01,2010-11,MIA,NBA,7,SG,7,1,50,3,12,0.25,1,4,0.25,2,8,0.25,5,0.714,1,6,7,3,0,2,2,3,12
bryanko01,24806250.0,LAL,195,17,35,bryanko01,2010-11,LAL,NBA,583,SG,82,82,2779,740,1639,0.451,115,356,0.323,625,1283,0.487,483,0.828,83,336,419,388,99,12,243,172,2078
gasolpa01,17823000.0,LAL,210,12,33,gasolpa01,2010-11,LAL,NBA,430,C,82,82,3037,593,1120,0.529,1,3,0.333,592,1117,0.53,354,0.823,268,568,836,273,48,130,142,203,1541
bynuman01,13700000.0,LAL,210,7,26,bynuman01,2010-11,LAL,NBA,209,C,54,47,1500,237,413,0.574,0,0,0.0,237,413,0.574,138,0.66,170,338,508,73,19,106,74,140,612
odomla01,8200000.0,LAL,205,14,34,odomla01,2010-11,LAL,NBA,246,PF,82,35,2639,473,893,0.53,68,178,0.382,405,715,0.566,166,0.675,175,535,710,249,47,61,139,200,1180
artesro01,6322320.0,LAL,195,14,34,artesro01,2010-11,LAL,NBA,136,SF,82,82,2410,261,658,0.397,83,233,0.356,178,425,0.419,92,0.676,100,167,267,175,124,36,90,181,697
waltolu01,5260000.0,LAL,200,10,33,waltolu01,2010-11,LAL,NBA,10,SF,54,0,484,38,116,0.328,8,34,0.235,30,82,0.366,7,0.7,9,58,67,62,9,4,31,38,91
blakest01,4000000.0,LAL,187.5,10,33,blakest01,2010-11,LAL,NBA,30,PG,79,0,1581,110,306,0.359,73,193,0.378,37,113,0.327,26,0.867,19,137,156,170,40,3,73,99,319
fishede01,3700000.0,LAL,182.5,17,39,fishede01,2010-11,LAL,NBA,103,PG,82,82,2297,206,529,0.389,63,159,0.396,143,370,0.386,83,0.806,14,138,152,224,99,8,70,192,558
brownsh01,2200000.0,LAL,190,7,28,brownsh01,2010-11,LAL,NBA,101,SG,82,0,1568,273,643,0.425,74,212,0.349,199,431,0.462,92,0.911,35,122,157,96,67,16,75,124,712
barnema02,1765000.0,LAL,197.5,10,33,barnema02,2010-11,LAL,NBA,77,SF,53,0,1020,131,279,0.47,34,107,0.318,97,172,0.564,60,0.779,73,155,228,71,39,22,58,127,356
ebankde01,473604.0,LAL,202.5,3,24,ebankde01,2010-11,LAL,NBA,23,SG,20,0,118,21,51,0.412,2,5,0.4,19,46,0.413,18,0.783,15,12,27,2,4,5,6,7,62
beaslmi01,4962240.0,MIN,202.5,5,25,beaslmi01,2010-11,MIN,NBA,291,SF,73,73,2361,561,1246,0.45,60,164,0.366,501,1082,0.463,219,0.753,118,291,409,158,54,52,195,222,1401
webstma02,4800000.0,MIN,197.5,8,27,webstma02,2010-11,MIN,NBA,122,SG,46,1,1094,152,340,0.447,55,132,0.417,97,208,0.466,94,0.77,36,111,147,53,28,9,58,101,453
milicda01,4325000.0,MIN,210,,,milicda01,2010-11,MIN,NBA,115,C,69,69,1686,271,578,0.469,0,0,0.0,271,578,0.469,64,0.557,133,227,360,104,54,140,151,229,606
pekovni01,4000000.0,MIN,207.5,3,28,pekovni01,2010-11,MIN,NBA,114,C,65,11,887,136,263,0.517,0,0,0.0,136,263,0.517,87,0.763,90,103,193,27,18,35,91,181,359
ridnolu01,4000000.0,MIN,185,10,32,ridnolu01,2010-11,MIN,NBA,137,PG,71,66,2159,319,681,0.468,81,184,0.44,238,497,0.479,121,0.883,37,162,199,384,89,10,158,146,840
johnswe01,3726600.0,MIN,197.5,3,26,johnswe01,2010-11,MIN,NBA,92,SG,79,63,2069,271,682,0.397,103,289,0.356,168,393,0.427,64,0.696,51,189,240,148,58,54,95,163,709
loveke01,3638280.0,MIN,205,5,25,loveke01,2010-11,MIN,NBA,499,PF,73,73,2611,482,1026,0.47,88,211,0.417,394,815,0.483,424,0.85,330,782,1112,184,45,28,155,148,1476
flynnjo01,3192000.0,MIN,180,,,flynnjo01,2010-11,MIN,NBA,42,PG,53,8,983,108,296,0.365,31,100,0.31,77,196,0.393,32,0.762,12,65,77,182,34,3,113,58,279
telfase01,2700000.0,MIN,180,9,28,telfase01,2010-11,MIN,NBA,60,PG,37,8,711,97,241,0.402,28,78,0.359,69,163,0.423,44,0.733,17,37,54,111,25,3,64,64,266
tollian01,2200000.0,MIN,200,5,28,tollian01,2010-11,MIN,NBA,131,SF,65,4,1362,141,313,0.45,47,115,0.409,94,198,0.475,105,0.802,92,203,295,82,28,28,49,145,434
randoan01,1965720.0,MIN,205,5,24,randoan01,2010-11,MIN,NBA,74,C,23,3,463,109,219,0.498,0,0,0.0,109,219,0.498,52,0.703,32,88,120,26,18,16,43,47,270
ellinwa01,1078800.0,MIN,190,4,26,ellinwa01,2010-11,MIN,NBA,53,SG,62,8,1181,160,397,0.403,48,121,0.397,112,276,0.406,42,0.792,26,82,108,72,28,3,53,85,410
haywala01,1020960.0,MIN,195,3,27,haywala01,2010-11,MIN,NBA,42,SF,42,0,419,55,154,0.357,17,60,0.283,38,94,0.404,33,0.786,23,47,70,28,12,7,19,44,160
gainesu01,237626.0,MIN,182.5,,,gainesu01,2010-11,MIN,NBA,10,PG,8,0,65,7,22,0.318,2,6,0.333,5,16,0.313,5,0.5,1,5,6,6,3,0,6,4,21
nowitdi01,17278618.0,DAL,210,15,35,nowitdi01,2010-11,DAL,NBA,443,PF,73,73,2504,610,1179,0.517,66,168,0.393,544,1011,0.538,395,0.892,50,463,513,190,38,47,137,172,1681
chandty01,12600000.0,DAL,212.5,12,31,chandty01,2010-11,DAL,NBA,295,C,74,74,2059,266,407,0.654,0,0,0.0,266,407,0.654,216,0.732,206,486,692,32,36,80,88,240,748
terryja01,10650000.0,DAL,185,14,36,terryja01,2010-11,DAL,NBA,214,SG,82,10,2564,492,1091,0.451,127,351,0.362,365,740,0.493,182,0.85,24,129,153,334,93,13,167,140,1293
butleca01,10561960.0,DAL,197.5,11,33,butleca01,2010-11,DAL,NBA,88,SF,29,29,867,170,378,0.45,28,65,0.431,142,313,0.454,68,0.773,22,96,118,46,28,8,49,59,436
kiddja01,8610500.0,DAL,190,,,kiddja01,2010-11,DAL,NBA,77,PG,80,80,2653,215,596,0.361,133,391,0.34,82,205,0.4,67,0.87,35,316,351,655,134,29,179,119,630
mariosh01,7305500.0,DAL,197.5,14,35,mariosh01,2010-11,DAL,NBA,164,SF,80,27,2253,434,834,0.52,5,33,0.152,429,801,0.536,126,0.768,168,383,551,110,68,50,130,144,999
haywobr01,6900000.0,DAL,210,12,34,haywobr01,2010-11,DAL,NBA,177,C,72,8,1331,128,223,0.574,0,1,0.0,128,222,0.577,64,0.362,129,247,376,19,16,74,51,146,320
stevede01,4151786.0,DAL,192.5,13,32,stevede01,2010-11,DAL,NBA,43,SG,72,54,1158,128,330,0.388,94,249,0.378,34,81,0.42,33,0.767,20,86,106,77,21,5,44,71,383
bareajo01,1815000.0,DAL,180,7,29,bareajo01,2010-11,DAL,NBA,157,PG,81,2,1669,285,649,0.439,66,189,0.349,219,460,0.476,133,0.847,29,130,159,317,30,1,136,136,769
cardibr01,1352181.0,DAL,200,,,cardibr01,2010-11,DAL,NBA,18,SF,56,4,618,43,100,0.43,42,87,0.483,1,13,0.077,17,0.944,10,49,59,40,24,7,17,82,145
beaubro01,1156080.0,DAL,180,4,25,beaubro01,2010-11,DAL,NBA,30,PG,28,26,496,94,223,0.422,25,83,0.301,69,140,0.493,23,0.767,7,45,52,64,20,8,47,76,236
mahinia01,762196.0,DAL,207.5,5,27,mahinia01,2010-11,DAL,NBA,82,C,56,0,488,55,98,0.561,0,2,0.0,55,96,0.573,63,0.768,43,77,120,8,14,15,25,105,173
novakst01,384766.0,DAL,205,7,30,novakst01,2010-11,DAL,NBA,0,SF,7,0,18,4,8,0.5,3,4,0.75,1,4,0.25,0,0.0,0,5,5,0,0,0,0,3,11
pavloal01,134863.0,DAL,200,10,30,pavloal01,2010-11,DAL,NBA,5,SF,10,6,163,15,35,0.429,7,16,0.438,8,19,0.421,4,0.8,0,12,12,7,5,3,5,15,41
randoza01,17666666.0,MEM,202.5,12,32,randoza01,2010-11,MEM,NBA,396,PF,75,74,2724,598,1188,0.503,8,43,0.186,590,1145,0.515,300,0.758,326,588,914,163,63,25,151,175,1504
gayru01,13603750.0,MEM,200,7,27,gayru01,2010-11,MEM,NBA,241,SF,54,54,2152,409,869,0.471,57,144,0.396,352,725,0.486,194,0.805,82,254,336,153,91,58,135,131,1069
battish01,7354500.0,MEM,200,12,35,battish01,2010-11,MEM,NBA,17,SF,23,0,557,43,101,0.426,14,42,0.333,29,59,0.492,15,0.882,32,60,92,32,16,10,16,31,115
conlemi01,4913007.0,MEM,182.5,6,26,conlemi01,2010-11,MEM,NBA,247,PG,81,81,2872,423,953,0.444,80,217,0.369,343,736,0.466,181,0.733,32,215,247,528,144,18,176,182,1107
gasolma01,3480000.0,MEM,212.5,5,29,gasolma01,2010-11,MEM,NBA,294,C,81,81,2586,364,691,0.527,3,7,0.429,361,684,0.528,220,0.748,154,415,569,200,74,136,146,265,951
allento01,3000000.0,MEM,190,9,32,allento01,2010-11,MEM,NBA,182,SG,72,31,1494,251,492,0.51,4,23,0.174,247,469,0.527,137,0.753,70,123,193,104,129,44,86,161,643
henryxa01,2020200.0,MEM,195,3,22,henryxa01,2010-11,MEM,NBA,52,SG,38,16,527,65,160,0.406,2,17,0.118,63,143,0.441,33,0.635,9,28,37,18,11,3,13,48,165
haddaha01,1600000.0,MEM,215,,,haddaha01,2010-11,MEM,NBA,23,C,31,0,168,30,58,0.517,0,1,0.0,30,57,0.526,15,0.652,24,44,68,5,2,13,11,29,75
vasqugr01,1035960.0,MEM,195,3,27,vasqugr01,2010-11,MEM,NBA,44,SG,70,1,860,95,233,0.408,25,86,0.291,70,147,0.476,34,0.773,12,61,73,151,22,4,70,83,249
youngsa01,886000.0,MEM,195,4,28,youngsa01,2010-11,MEM,NBA,116,SF,78,46,1577,233,494,0.472,17,50,0.34,216,444,0.486,89,0.767,40,147,187,71,68,23,61,120,572
smithis01,473604.0,MEM,180,3,25,smithis01,2010-11,MEM,NBA,11,PG,15,0,113,11,32,0.344,0,2,0.0,11,30,0.367,5,0.455,1,4,5,15,5,0,8,11,27
grangda01,10973202.0,IND,200,8,30,grangda01,2010-11,IND,NBA,466,SF,79,79,2763,535,1260,0.425,157,407,0.386,378,853,0.443,395,0.848,87,338,425,203,89,62,206,213,1622
dunlemi02,10561984.0,IND,202.5,11,33,dunlemi02,2010-11,IND,NBA,125,SG,61,44,1683,240,520,0.462,102,254,0.402,138,266,0.519,100,0.8,28,248,276,105,40,30,69,107,682
fordtj01,8500000.0,IND,180,,,fordtj01,2010-11,IND,NBA,48,PG,41,3,773,91,236,0.386,6,32,0.188,85,204,0.417,35,0.729,17,64,81,141,35,8,63,69,223
fosteje01,6655000.0,IND,207.5,,,fosteje01,2010-11,IND,NBA,48,C,56,3,940,80,167,0.479,0,3,0.0,80,164,0.488,27,0.563,160,190,350,46,24,31,26,127,187
jonesda02,2500000.0,IND,195,10,33,jonesda02,2010-11,IND,NBA,90,SG,45,2,589,100,214,0.467,14,39,0.359,86,175,0.491,69,0.767,4,61,65,33,20,7,31,70,283
georgpa01,2238360.0,IND,200,3,23,georgpa01,2010-11,IND,NBA,101,SG,61,19,1265,179,395,0.453,41,138,0.297,138,257,0.537,77,0.762,37,187,224,65,62,26,70,127,476
rushbr01,2069049.0,IND,195,5,28,rushbr01,2010-11,IND,NBA,106,SG,67,21,1754,217,515,0.421,93,223,0.417,124,292,0.425,80,0.755,33,184,217,62,41,35,69,107,607
hansbty01,1998600.0,IND,202.5,4,28,hansbty01,2010-11,IND,NBA,253,PF,70,29,1535,285,613,0.465,0,2,0.0,285,611,0.466,197,0.779,145,221,366,41,37,15,76,160,767
hibbero01,1685280.0,IND,215,5,27,hibbero01,2010-11,IND,NBA,275,C,81,80,2244,410,890,0.461,0,4,0.0,410,886,0.463,205,0.745,182,428,610,166,33,142,185,256,1025
jonesso01,1500000.0,IND,205,7,29,jonesso01,2010-11,IND,NBA,62,C,39,0,528,49,121,0.405,0,1,0.0,49,120,0.408,41,0.661,45,68,113,30,12,22,35,94,139
collida01,1361040.0,IND,180,4,26,collida01,2010-11,IND,NBA,232,PG,79,79,2360,398,870,0.457,41,124,0.331,357,746,0.479,202,0.871,40,185,225,403,87,14,194,109,1039
mcrobjo01,885120.0,IND,205,6,26,mcrobjo01,2010-11,IND,NBA,119,PF,72,51,1597,211,386,0.547,23,60,0.383,188,326,0.577,88,0.739,109,273,382,150,47,57,93,165,533
priceaj01,762195.0,IND,185,4,27,priceaj01,2010-11,IND,NBA,81,PG,50,0,795,114,320,0.356,41,149,0.275,73,171,0.427,54,0.667,16,56,72,111,29,1,53,61,323
stephla01,750000.0,IND,192.5,3,23,stephla01,2010-11,IND,NBA,14,SG,12,0,115,13,39,0.333,0,5,0.0,13,34,0.382,11,0.786,1,17,18,21,4,0,16,14,37
dalemsa01,13428129.0,SAC,207.5,11,32,dalemsa01,2010-11,SAC,NBA,148,C,80,46,1938,268,567,0.473,0,2,0.0,268,565,0.474,108,0.73,212,445,657,67,36,116,132,225,644
udrihbe01,6478600.0,SAC,187.5,9,31,udrihbe01,2010-11,SAC,NBA,228,PG,79,64,2734,412,824,0.5,65,182,0.357,347,642,0.54,197,0.864,41,224,265,386,94,9,141,181,1086
garcifr01,5500000.0,SAC,197.5,8,32,garcifr01,2010-11,SAC,NBA,76,SF,58,34,1386,207,475,0.436,81,224,0.362,126,251,0.502,65,0.855,24,109,133,71,51,49,45,126,560
evansty01,3880920.0,SAC,195,4,24,evansty01,2010-11,SAC,NBA,266,SG,57,53,2107,382,933,0.409,43,148,0.291,339,785,0.432,205,0.771,46,229,275,319,85,30,184,143,1012
couside01,3374640.0,SAC,207.5,3,23,couside01,2010-11,SAC,NBA,402,C,81,62,2309,432,1004,0.43,3,18,0.167,429,986,0.435,276,0.687,217,482,699,204,85,68,268,332,1143
thompja02,2178000.0,SAC,207.5,5,27,thompja02,2010-11,SAC,NBA,200,PF,75,39,1748,271,534,0.507,0,3,0.0,271,531,0.51,121,0.605,144,310,454,88,28,44,99,212,663
casspom01,1254480.0,SAC,202.5,4,25,casspom01,2010-11,SAC,NBA,101,SF,71,27,1702,225,546,0.412,92,247,0.372,133,299,0.445,68,0.673,74,233,307,74,54,13,68,115,610
greendo01,1116840.0,SAC,207.5,4,25,greendo01,2010-11,SAC,NBA,65,SF,69,21,1127,156,386,0.404,45,154,0.292,111,232,0.478,43,0.662,49,98,147,48,36,20,60,88,400
thornma01,762195.0,SAC,190,4,26,thornma01,2010-11,SAC,NBA,118,SG,27,23,1030,213,473,0.45,53,147,0.361,160,326,0.491,95,0.805,36,91,127,92,45,5,56,60,574
whiteha01,730437.0,SAC,210,,,whiteha01,2010-11,SAC,NBA,0,C,1,0,2,0,0,0,0,0,0.0,0,0,0.0,0,0.0,0,0,0,0,0,0,0,2,0
jeffeal01,13000000.0,UTA,205,9,29,jeffeal01,2010-11,UTA,NBA,289,C,82,82,2940,654,1319,0.496,0,0,0.0,654,1319,0.496,220,0.761,235,559,794,149,46,153,105,238,1528
okurme01,9945000.0,UTA,207.5,,,okurme01,2010-11,UTA,NBA,20,C,13,0,168,22,62,0.355,5,16,0.313,17,46,0.37,15,0.75,9,21,30,19,4,4,7,18,64
harride01,8981000.0,UTA,187.5,9,30,harride01,2010-11,UTA,NBA,95,PG,17,16,530,83,201,0.413,25,70,0.357,58,131,0.443,77,0.811,6,34,40,92,13,2,49,33,268
millspa01,7600000.0,UTA,200,7,29,millspa01,2010-11,UTA,NBA,338,PF,76,76,2605,525,988,0.531,9,23,0.391,516,965,0.535,256,0.757,164,415,579,187,103,69,145,272,1315
favorde01,4133280.0,UTA,205,3,22,favorde01,2010-11,UTA,NBA,57,PF,22,4,444,74,140,0.529,0,0,0.0,74,140,0.529,32,0.561,45,70,115,18,11,27,21,63,180
milescj01,3700000.0,UTA,195,8,26,milescj01,2010-11,UTA,NBA,196,SF,78,19,1969,366,899,0.407,109,339,0.322,257,560,0.459,159,0.811,54,201,255,135,74,38,93,221,1000
bellra01,3000000.0,UTA,192.5,,,bellra01,2010-11,UTA,NBA,102,SG,68,63,2097,191,467,0.409,68,193,0.352,123,274,0.449,91,0.892,31,145,176,118,56,14,63,169,541
haywago01,2356320.0,UTA,200,3,23,haywago01,2010-11,UTA,NBA,97,SF,72,17,1218,142,293,0.485,35,74,0.473,107,219,0.489,69,0.711,41,98,139,81,30,19,70,106,388
pricero01,1380000.0,UTA,185,8,30,pricero01,2010-11,UTA,NBA,39,SG,59,0,717,74,210,0.352,20,69,0.29,54,141,0.383,29,0.744,22,39,61,56,42,5,55,106,197
watsoea01,1229255.0,UTA,182.5,12,34,watsoea01,2010-11,UTA,NBA,82,PG,80,13,1567,126,307,0.41,36,107,0.336,90,200,0.45,55,0.671,52,130,182,278,61,17,116,146,343
elsonfr01,1146337.0,UTA,210,,,elsonfr01,2010-11,UTA,NBA,31,C,62,1,610,54,113,0.478,0,0,0.0,54,113,0.478,26,0.839,35,80,115,33,21,14,32,84,134
fesenky01,1087500.0,UTA,212.5,,,fesenky01,2010-11,UTA,NBA,46,C,53,1,456,44,100,0.44,0,1,0.0,44,99,0.444,18,0.391,34,74,108,18,4,16,25,90,106
evansje01,473604.0,UTA,202.5,3,26,evansje01,2010-11,UTA,NBA,37,SF,49,3,463,76,115,0.661,0,1,0.0,76,114,0.667,26,0.703,36,61,97,24,17,17,19,50,178
arenagi01,17730694.0,ORL,187.5,,,arenagi01,2010-11,ORL,NBA,86,PG,49,2,1070,139,404,0.344,50,182,0.275,89,222,0.401,64,0.744,16,103,119,157,44,9,106,112,392
howardw01,16647180.0,ORL,207.5,9,28,howardw01,2010-11,ORL,NBA,916,C,78,78,2935,619,1044,0.593,0,7,0.0,619,1037,0.597,546,0.596,309,789,1098,107,107,186,279,258,1784
richaja01,14444444.0,ORL,195,12,33,richaja01,2010-11,ORL,NBA,87,SG,55,55,1919,289,667,0.433,127,331,0.384,162,336,0.482,61,0.701,34,186,220,111,66,10,65,116,766
turkohe01,10215850.0,ORL,205,13,34,turkohe01,2010-11,ORL,NBA,120,SF,56,56,1910,237,529,0.448,86,213,0.404,151,316,0.478,80,0.667,25,231,256,285,54,20,101,170,640
nelsoja01,7800000.0,ORL,180,9,32,nelsoja01,2010-11,ORL,NBA,162,PG,76,76,2319,374,838,0.446,119,297,0.401,255,541,0.471,130,0.802,37,189,226,456,75,3,194,209,997
redicjj01,7250000.0,ORL,190,7,29,redicjj01,2010-11,ORL,NBA,128,SG,59,5,1513,197,447,0.441,87,219,0.397,110,228,0.482,112,0.875,6,107,113,102,29,3,53,80,593
bassbr01,4000000.0,ORL,200,8,28,bassbr01,2010-11,ORL,NBA,233,PF,76,51,1980,332,645,0.515,0,2,0.0,332,643,0.516,190,0.815,134,290,424,57,27,52,97,159,854
duhonch01,3500000.0,ORL,182.5,,,duhonch01,2010-11,ORL,NBA,25,PG,51,5,774,49,129,0.38,13,52,0.25,36,77,0.468,14,0.56,9,43,52,118,16,2,61,30,125
richaqu01,2265000.0,ORL,195,13,33,richaqu01,2010-11,ORL,NBA,44,SF,57,19,955,87,255,0.341,42,146,0.288,45,109,0.413,33,0.75,39,139,178,38,25,5,33,74,249
clarkea01,1898760.0,ORL,205,4,26,clarkea01,2010-11,ORL,NBA,37,SF,33,0,392,56,127,0.441,0,5,0.0,56,122,0.459,22,0.595,33,51,84,5,7,15,26,39,134
anderry01,1409040.0,ORL,205,5,25,anderry01,2010-11,ORL,NBA,117,PF,64,14,1424,226,525,0.43,134,341,0.393,92,184,0.5,95,0.812,129,226,355,52,30,38,49,137,681
caldejo01,9000000.0,TOR,187.5,8,32,caldejo01,2010-11,TOR,NBA,103,PG,68,55,2102,262,596,0.44,57,156,0.365,205,440,0.466,88,0.854,30,172,202,605,81,7,148,143,669
bargnan01,8500000.0,TOR,210,7,28,bargnan01,2010-11,TOR,NBA,350,C,66,66,2353,525,1173,0.448,77,223,0.345,448,950,0.472,287,0.82,74,269,343,119,34,46,152,160,1414
barbole01,7100000.0,TOR,187.5,10,31,barbole01,2010-11,TOR,NBA,137,SG,58,0,1395,294,653,0.45,72,213,0.338,222,440,0.505,109,0.796,14,85,99,119,50,6,84,112,769
evansre01,5080000.0,TOR,200,11,33,evansre01,2010-11,TOR,NBA,88,PF,30,18,798,42,103,0.408,0,1,0.0,42,102,0.412,48,0.545,119,226,345,38,29,6,39,89,132
johnsam01,5000000.0,TOR,202.5,8,26,johnsam01,2010-11,TOR,NBA,160,PF,72,54,1853,281,495,0.568,0,1,0.0,281,494,0.569,126,0.788,189,272,461,81,53,88,69,263,688
kleizli01,4995000.0,TOR,200,7,29,kleizli01,2010-11,TOR,NBA,65,SF,39,23,1032,178,406,0.438,39,131,0.298,139,275,0.505,41,0.631,37,140,177,40,19,7,65,99,436
derozde01,2453880.0,TOR,197.5,4,24,derozde01,2010-11,TOR,NBA,402,SG,82,82,2851,539,1154,0.467,5,52,0.096,534,1102,0.485,327,0.813,75,240,315,148,85,31,144,217,1410
bayleje01,2292600.0,TOR,187.5,5,25,bayleje01,2010-11,TOR,NBA,189,PG,60,14,1347,201,468,0.429,46,132,0.348,155,336,0.461,153,0.81,24,126,150,238,36,4,110,133,601
davised01,1919160.0,TOR,205,3,24,davised01,2010-11,TOR,NBA,128,PF,65,17,1602,215,373,0.576,0,0,0.0,215,373,0.576,71,0.555,168,294,462,40,39,67,48,183,501
johnsja01,1713600.0,TOR,202.5,4,26,johnsja01,2010-11,TOR,NBA,58,SF,25,25,699,91,196,0.464,6,25,0.24,85,171,0.497,41,0.707,31,87,118,75,25,28,46,70,229
alabiso01,770000.0,TOR,212.5,2,25,alabiso01,2010-11,TOR,NBA,2,C,12,0,59,3,15,0.2,0,0,0.0,3,15,0.2,0,0.0,7,7,14,2,2,2,3,5,6
gainesu01,89670.0,TOR,182.5,,,gainesu01,2010-11,TOR,NBA,6,PG,6,0,90,15,35,0.429,3,15,0.2,12,20,0.6,2,0.333,2,6,8,11,4,1,8,10,35
johnstr01,89670.0,TOR,192.5,,,johnstr01,2010-11,TOR,NBA,8,SG,7,0,81,10,30,0.333,1,3,0.333,9,27,0.333,7,0.875,2,5,7,11,1,1,5,11,28
brandel01,15959099.0,PHI,200,14,34,brandel01,2010-11,PHI,NBA,273,PF,81,81,2809,502,981,0.512,0,1,0.0,502,980,0.512,213,0.78,237,439,676,120,92,106,101,244,1217
iguodan01,12345250.0,PHI,195,9,30,iguodan01,2010-11,PHI,NBA,300,SF,67,67,2469,338,759,0.445,61,181,0.337,277,578,0.479,208,0.693,61,326,387,422,101,38,138,109,945
nocioan01,6850000.0,PHI,197.5,,,nocioan01,2010-11,PHI,NBA,61,SF,54,17,931,118,277,0.426,42,118,0.356,76,159,0.478,49,0.803,19,150,169,45,14,15,47,100,327
kaponja01,6641440.0,PHI,200,,,kaponja01,2010-11,PHI,NBA,2,SF,24,2,112,7,28,0.25,1,8,0.125,6,20,0.3,1,0.5,3,8,11,4,2,1,2,4,16
willilo02,5000000.0,PHI,185,8,27,willilo02,2010-11,PHI,NBA,356,SG,75,0,1747,323,795,0.406,88,253,0.348,235,542,0.434,293,0.823,32,117,149,252,47,17,102,128,1027
turneev01,4602720.0,PHI,197.5,3,25,turneev01,2010-11,PHI,NBA,125,SG,78,14,1797,225,529,0.425,14,44,0.318,211,485,0.435,101,0.808,42,264,306,159,49,14,80,138,565
hawessp01,2974320.0,PHI,210,6,25,hawessp01,2010-11,PHI,NBA,88,C,81,81,1718,264,568,0.465,9,37,0.243,255,531,0.48,47,0.534,129,336,465,121,29,71,97,201,584
youngth01,2901241.0,PHI,200,6,25,youngth01,2010-11,PHI,NBA,174,PF,82,1,2135,458,847,0.541,6,22,0.273,452,825,0.548,123,0.707,153,281,434,82,90,26,99,170,1045
speigma01,1773960.0,PHI,205,5,26,speigma01,2010-11,PHI,NBA,73,C,64,1,734,144,291,0.495,1,4,0.25,143,287,0.498,55,0.753,64,146,210,30,8,19,40,120,344
holidjr01,1627920.0,PHI,187.5,4,23,holidjr01,2010-11,PHI,NBA,209,PG,82,82,2901,446,999,0.446,81,222,0.365,365,777,0.47,172,0.823,68,264,332,531,120,29,218,203,1145
battito01,1352181.0,PHI,207.5,,,battito01,2010-11,PHI,NBA,14,C,38,0,377,45,96,0.469,2,3,0.667,43,93,0.462,8,0.571,17,82,99,12,5,15,12,59,100
brackcr01,1306920.0,PHI,205,,,brackcr01,2010-11,PHI,NBA,0,PF,3,0,33,4,16,0.25,0,5,0.0,4,11,0.364,0,0.0,2,2,4,1,1,0,0,3,8
meeksjo01,762195.0,PHI,190,4,26,meeksjo01,2010-11,PHI,NBA,170,SG,74,64,2062,242,570,0.425,138,348,0.397,104,222,0.468,152,0.894,21,150,171,78,63,4,60,97,774
kamanch01,11800000.0,LAC,210,10,31,kamanch01,2010-11,LAC,NBA,57,C,32,15,838,177,376,0.471,0,0,0.0,177,376,0.471,43,0.754,51,174,225,46,16,48,58,75,397
willima01,9300000.0,LAC,182.5,10,31,willima01,2010-11,LAC,NBA,75,PG,22,22,723,113,268,0.422,43,108,0.398,70,160,0.438,66,0.88,6,50,56,123,20,0,66,59,335
griffbl01,5357280.0,LAC,205,3,24,griffbl01,2010-11,LAC,NBA,695,PF,82,82,3112,696,1376,0.506,7,24,0.292,689,1352,0.51,446,0.642,270,719,989,312,63,45,223,252,1845
foyera01,4250000.0,LAC,190,7,30,foyera01,2010-11,LAC,NBA,149,SG,63,24,1551,206,531,0.388,71,217,0.327,135,314,0.43,133,0.893,13,90,103,170,47,21,95,122,616
gomesry01,4000000.0,LAC,197.5,7,31,gomesry01,2010-11,LAC,NBA,85,SF,76,62,2095,207,505,0.41,72,211,0.341,135,294,0.459,61,0.718,61,193,254,118,62,12,55,159,547
gordoer01,3016680.0,LAC,187.5,5,25,gordoer01,2010-11,LAC,NBA,348,SG,56,56,2112,427,949,0.45,106,291,0.364,321,658,0.488,287,0.825,45,119,164,244,71,18,151,115,1247
moonja01,3000000.0,LAC,200,,,moonja01,2010-11,LAC,NBA,6,SF,19,7,278,25,59,0.424,11,28,0.393,14,31,0.452,5,0.833,9,38,47,7,3,6,5,26,66
aminual01,2563320.0,LAC,202.5,3,23,aminual01,2010-11,LAC,NBA,119,SF,81,14,1452,160,406,0.394,45,143,0.315,115,263,0.437,92,0.773,75,192,267,60,59,25,103,121,457
butlera01,2400000.0,LAC,197.5,10,34,butlera01,2010-11,LAC,NBA,27,SG,41,2,744,73,226,0.323,42,129,0.326,31,97,0.32,18,0.667,10,66,76,27,8,15,22,34,206
smithcr01,2300000.0,LAC,197.5,,,smithcr01,2010-11,LAC,NBA,68,PF,48,0,586,104,188,0.553,0,5,0.0,104,183,0.568,50,0.735,43,74,117,31,16,7,33,84,258
bledser01,1485000.0,LAC,182.5,3,24,bledser01,2010-11,LAC,NBA,133,PG,81,25,1841,206,486,0.424,32,116,0.276,174,370,0.47,99,0.744,68,155,223,289,92,26,194,130,543
cookbr01,1146337.0,LAC,202.5,9,33,cookbr01,2010-11,LAC,NBA,24,PF,40,0,447,72,170,0.424,34,79,0.43,38,91,0.418,15,0.625,19,77,96,15,12,11,25,75,193
jordade01,854389.0,LAC,207.5,5,25,jordade01,2010-11,LAC,NBA,217,C,80,66,2047,234,341,0.686,0,1,0.0,234,340,0.688,98,0.452,207,368,575,42,41,142,101,255,566
dioguik01,608772.0,LAC,200,6,30,dioguik01,2010-11,LAC,NBA,62,PF,36,0,470,83,148,0.561,0,0,0.0,83,148,0.561,41,0.661,41,74,115,2,3,3,22,72,207
boozeca01,14400000.0,CHI,202.5,11,32,boozeca01,2010-11,CHI,NBA,244,C,59,59,1882,431,845,0.51,0,0,0.0,431,845,0.51,171,0.701,130,435,565,145,45,18,149,186,1033
denglu01,11345000.0,CHI,200,9,28,denglu01,2010-11,CHI,NBA,336,SF,82,82,3208,531,1155,0.46,115,333,0.345,416,822,0.506,253,0.753,116,360,476,230,78,48,156,162,1430
rosede01,5546160.0,CHI,187.5,4,25,rosede01,2010-11,CHI,NBA,555,PG,81,81,3026,711,1597,0.445,128,385,0.332,583,1212,0.481,476,0.858,81,249,330,623,85,51,278,136,2026
korveky01,5000000.0,CHI,197.5,10,32,korveky01,2010-11,CHI,NBA,87,SG,82,0,1649,242,557,0.434,120,289,0.415,122,268,0.455,77,0.885,12,138,150,124,35,20,60,156,681
brewero02,4790000.0,CHI,197.5,7,28,brewero02,2010-11,CHI,NBA,133,SG,81,1,1781,205,427,0.48,6,27,0.222,199,400,0.498,87,0.654,55,207,262,140,106,22,55,82,503
noahjo01,3128536.0,CHI,207.5,6,28,noahjo01,2010-11,CHI,NBA,188,C,48,48,1576,211,402,0.525,0,1,0.0,211,401,0.526,139,0.739,182,316,498,107,48,72,90,156,561
watsocj01,3100000.0,CHI,185,6,29,watsocj01,2010-11,CHI,NBA,93,PG,82,1,1091,146,394,0.371,44,112,0.393,102,282,0.362,69,0.742,16,78,94,186,55,11,73,82,405
asikom01,1721000.0,CHI,210,3,27,asikom01,2010-11,CHI,NBA,145,C,82,0,989,78,141,0.553,0,0,0.0,78,141,0.553,73,0.503,112,194,306,32,20,56,64,153,229
boganke01,1600000.0,CHI,192.5,10,33,boganke01,2010-11,CHI,NBA,32,SG,82,82,1461,124,307,0.404,90,237,0.38,34,70,0.486,21,0.656,19,129,148,101,38,9,41,113,359
thomaku01,1352181.0,CHI,202.5,,,thomaku01,2010-11,CHI,NBA,32,PF,52,37,1178,95,186,0.511,1,1,1.0,94,185,0.508,20,0.625,75,226,301,60,32,42,42,164,211
scalabr01,1229255.0,CHI,202.5,,,scalabr01,2010-11,CHI,NBA,0,PF,18,0,88,10,19,0.526,0,5,0.0,10,14,0.714,0,0.0,1,7,8,6,3,4,5,18,20
gibsota01,1117680.0,CHI,202.5,4,28,gibsota01,2010-11,CHI,NBA,148,PF,80,19,1742,234,502,0.466,1,8,0.125,233,494,0.472,100,0.676,162,296,458,58,39,106,71,203,569
lucasjo02,208264.0,CHI,177.5,5,31,lucasjo02,2010-11,CHI,NBA,2,PG,2,0,10,1,3,0.333,0,1,0.0,1,2,0.5,0,0.0,0,0,0,1,0,0,0,0,2
lewisra02,19573711.0,WAS,205,15,34,lewisra02,2010-11,WAS,NBA,51,SF,32,27,1014,139,312,0.446,43,124,0.347,96,188,0.511,43,0.843,48,136,184,63,30,20,52,96,364
blatcan01,5900000.0,WAS,207.5,8,27,blatcan01,2010-11,WAS,NBA,283,PF,64,63,2172,426,957,0.445,4,18,0.222,422,939,0.449,220,0.777,183,343,526,144,98,51,172,182,1076
bibbymi01,5564767.0,WAS,182.5,,,bibbymi01,2010-11,WAS,NBA,0,PG,2,0,29,1,9,0.111,0,4,0.0,1,5,0.2,0,0.0,0,3,3,8,1,0,1,3,2
walljo01,5144280.0,WAS,190,3,23,walljo01,2010-11,WAS,NBA,393,PG,69,64,2606,398,972,0.409,34,115,0.296,364,857,0.425,301,0.766,35,282,317,574,121,35,261,175,1131
jianlyi01,4050499.0,WAS,210,,,jianlyi01,2010-11,WAS,NBA,91,PF,63,11,1112,145,347,0.418,3,13,0.231,142,334,0.425,62,0.681,79,169,248,25,27,32,51,115,355
howarjo01,3000000.0,WAS,197.5,10,33,howarjo01,2010-11,WAS,NBA,47,SF,18,10,409,58,162,0.358,7,29,0.241,51,133,0.383,29,0.617,18,56,74,24,13,5,20,34,152
youngni01,2630503.0,WAS,195,6,28,youngni01,2010-11,WAS,NBA,228,SG,64,40,2034,412,935,0.441,105,271,0.387,307,664,0.462,186,0.816,26,148,174,75,45,17,90,144,1115
evansma01,2500000.0,WAS,192.5,,,evansma01,2010-11,WAS,NBA,30,SF,26,12,712,98,223,0.439,27,78,0.346,71,145,0.49,28,0.933,29,43,72,15,18,9,18,55,251
mcgeeja01,1601040.0,WAS,210,5,26,mcgeeja01,2010-11,WAS,NBA,230,C,79,75,2193,332,604,0.55,0,3,0.0,332,601,0.552,134,0.583,223,411,634,38,41,193,102,232,798
serapke01,1563120.0,WAS,202.5,3,24,serapke01,2010-11,WAS,NBA,31,PF,58,1,635,66,147,0.449,0,0,0.0,66,147,0.449,22,0.71,80,72,152,10,17,28,42,126,154
booketr01,1204560.0,WAS,197.5,3,26,booketr01,2010-11,WAS,NBA,101,PF,65,14,1063,139,253,0.549,0,1,0.0,139,252,0.552,68,0.673,98,153,251,35,29,42,38,115,346
crawfjo02,1042320.0,WAS,190,3,25,crawfjo02,2010-11,WAS,NBA,78,SG,26,18,867,165,423,0.39,24,101,0.238,141,322,0.438,69,0.885,22,55,77,102,36,3,68,50,423
martica01,854389.0,WAS,197.5,5,29,martica01,2010-11,WAS,NBA,40,SG,52,1,542,71,182,0.39,39,99,0.394,32,83,0.386,28,0.7,20,54,74,18,18,6,16,52,209
hudsole01,192791.0,WAS,187.5,3,29,hudsole01,2010-11,WAS,NBA,4,PG,11,0,73,6,24,0.25,4,15,0.267,2,9,0.222,2,0.5,1,4,5,17,4,1,7,10,18
geeal01,125538.0,WAS,195,4,26,geeal01,2010-11,WAS,NBA,12,SG,11,5,127,12,27,0.444,0,2,0.0,12,25,0.48,8,0.667,11,11,22,5,7,0,8,10,32
hamilri01,12500000.0,DET,195,14,35,hamilri01,2010-11,DET,NBA,172,SG,55,39,1498,288,671,0.429,55,144,0.382,233,527,0.442,146,0.849,24,102,126,171,39,4,88,95,777
princta01,11148760.0,DET,202.5,11,33,princta01,2010-11,DET,NBA,168,SF,78,78,2562,473,1001,0.473,34,98,0.347,439,903,0.486,118,0.702,78,251,329,215,30,41,82,90,1098
gordobe01,10800000.0,DET,187.5,9,30,gordobe01,2010-11,DET,NBA,160,SG,82,27,2131,339,770,0.44,107,266,0.402,232,504,0.46,136,0.85,41,154,195,171,48,16,141,178,921
villach01,7020000.0,DET,207.5,8,29,villach01,2010-11,DET,NBA,116,PF,76,11,1666,313,708,0.442,125,323,0.387,188,385,0.488,89,0.767,50,245,295,48,42,42,66,175,840
maxieja01,5000000.0,DET,197.5,8,30,maxieja01,2010-11,DET,NBA,99,PF,57,14,930,93,189,0.492,0,0,0.0,93,189,0.492,51,0.515,66,107,173,17,24,21,44,92,237
bynumwi01,3250000.0,DET,180,6,31,bynumwi01,2010-11,DET,NBA,122,PG,61,5,1125,182,406,0.448,16,50,0.32,166,356,0.466,102,0.836,15,59,74,195,52,4,83,113,482
wilcoch01,3000000.0,DET,205,11,31,wilcoch01,2010-11,DET,NBA,89,PF,57,29,995,187,322,0.581,0,1,0.0,187,321,0.583,50,0.562,95,176,271,43,29,17,43,145,424
monrogr01,2798040.0,DET,207.5,3,23,monrogr01,2010-11,DET,NBA,233,C,80,48,2222,303,550,0.551,0,1,0.0,303,549,0.552,145,0.622,248,353,601,105,93,45,81,196,751
stuckro01,2767126.0,DET,192.5,6,27,stuckro01,2010-11,DET,NBA,381,PG,70,54,2183,363,827,0.439,26,90,0.289,337,737,0.457,330,0.866,70,146,216,361,76,10,155,177,1082
wallabe01,2080000.0,DET,202.5,,,wallabe01,2010-11,DET,NBA,57,C,54,49,1238,67,149,0.45,1,2,0.5,66,147,0.449,19,0.333,129,221,350,72,54,54,44,81,154
dayeau01,1803720.0,DET,207.5,4,25,dayeau01,2010-11,DET,NBA,108,SF,72,16,1446,193,471,0.41,69,172,0.401,124,299,0.415,82,0.759,64,210,274,78,39,39,59,165,537
mcgratr01,1352181.0,DET,200,15,34,mcgratr01,2010-11,DET,NBA,129,SG,72,39,1686,227,514,0.442,30,88,0.341,197,426,0.462,90,0.698,49,202,251,252,66,34,102,101,574
summeda01,762195.0,DET,200,4,26,summeda01,2010-11,DET,NBA,20,SF,22,1,199,28,69,0.406,9,21,0.429,19,48,0.396,9,0.45,2,10,12,2,3,1,13,21,74
garneke01,18800000.0,BOS,207.5,18,37,garneke01,2010-11,BOS,NBA,217,PF,71,71,2220,434,822,0.528,1,5,0.2,433,817,0.53,187,0.862,83,548,631,171,95,57,115,148,1056
piercpa01,13876321.0,BOS,195,15,36,piercpa01,2010-11,BOS,NBA,449,SF,80,80,2774,507,1021,0.497,111,297,0.374,396,724,0.547,386,0.86,34,396,430,260,80,51,171,231,1511
allenra02,10000000.0,BOS,192.5,17,38,allenra02,2010-11,BOS,NBA,219,SG,80,80,2890,480,978,0.491,168,378,0.444,312,600,0.52,193,0.881,51,223,274,219,77,16,117,147,1321
rondora01,9090911.0,BOS,182.5,7,27,rondora01,2010-11,BOS,NBA,132,PG,68,68,2527,318,670,0.475,10,43,0.233,308,627,0.491,75,0.568,87,210,297,760,153,11,234,120,721
davisgl01,3300000.0,BOS,202.5,6,28,davisgl01,2010-11,BOS,NBA,265,C,78,13,2298,359,801,0.448,2,15,0.133,357,786,0.454,195,0.736,101,324,425,92,78,30,85,231,915
bradlav01,1418160.0,BOS,185,3,23,bradlav01,2010-11,BOS,NBA,12,PG,31,0,162,23,67,0.343,0,5,0.0,23,62,0.371,6,0.5,4,13,17,12,9,0,16,20,52
westde01,1069509.0,BOS,190,,,westde01,2010-11,BOS,NBA,15,PG,24,2,453,55,120,0.458,12,33,0.364,43,87,0.494,13,0.867,6,31,37,64,20,10,30,29,135
wafervo01,915852.0,BOS,192.5,,,wafervo01,2010-11,BOS,NBA,38,SG,58,2,553,67,159,0.421,18,67,0.269,49,92,0.533,32,0.842,7,42,49,35,18,5,20,39,184
johnsch03,136509.0,BOS,207.5,3,28,johnsch03,2010-11,BOS,NBA,2,C,4,0,32,2,3,0.667,0,0,0.0,2,3,0.667,2,1.0,1,4,5,1,0,3,2,3,6
cambyma01,11749832.0,POR,207.5,17,39,cambyma01,2010-11,POR,NBA,70,C,59,51,1540,117,294,0.398,0,1,0.0,117,293,0.399,43,0.614,182,424,606,121,40,92,62,140,277
aldrila01,11244000.0,POR,207.5,7,28,aldrila01,2010-11,POR,NBA,444,PF,81,81,3211,707,1415,0.5,4,23,0.174,703,1392,0.505,351,0.791,278,431,709,170,82,94,153,220,1769
wallage01,10500000.0,POR,197.5,12,31,wallage01,2010-11,POR,NBA,90,PF,23,15,821,134,269,0.498,27,80,0.338,107,189,0.566,69,0.767,39,136,175,57,46,15,52,63,364
millean02,7269264.0,POR,185,14,37,millean02,2010-11,POR,NBA,292,PG,81,81,2650,388,844,0.46,4,37,0.108,384,807,0.476,249,0.853,97,205,302,566,114,12,197,171,1029
matthwe02,5765000.0,POR,192.5,4,27,matthwe02,2010-11,POR,NBA,315,SG,82,69,2758,440,979,0.449,154,378,0.407,286,601,0.476,266,0.844,48,210,258,164,102,9,138,195,1300
babbilu01,1645440.0,POR,202.5,3,24,babbilu01,2010-11,POR,NBA,9,SF,24,0,137,15,55,0.273,3,16,0.188,12,39,0.308,3,0.333,6,24,30,6,2,2,8,15,36
fernaru01,1246680.0,POR,195,,,fernaru01,2010-11,POR,NBA,146,SG,78,3,1821,213,575,0.37,116,361,0.321,97,214,0.453,126,0.863,37,135,172,193,87,14,88,134,668
batumni01,1196760.0,POR,200,5,25,batumni01,2010-11,POR,NBA,164,SF,80,67,2522,367,807,0.455,118,342,0.345,249,465,0.535,138,0.841,109,252,361,123,68,49,83,194,990
millspa02,937195.0,POR,180,4,25,millspa02,2010-11,POR,NBA,47,PG,64,0,783,135,328,0.412,47,133,0.353,88,195,0.451,36,0.766,19,32,51,109,27,1,62,63,353
johnsar02,473604.0,POR,187.5,,,johnsar02,2010-11,POR,NBA,22,PG,38,0,277,46,101,0.455,5,12,0.417,41,89,0.461,13,0.591,11,25,36,45,5,1,38,31,110
johnsch03,27859.0,POR,207.5,3,28,johnsch03,2010-11,POR,NBA,18,C,10,1,106,7,18,0.389,0,0,0.0,7,18,0.389,13,0.722,11,16,27,2,3,6,8,18,27
jamisan01,13358905.0,CLE,200,15,37,jamisan01,2010-11,CLE,NBA,234,PF,56,38,1842,374,876,0.427,91,263,0.346,283,613,0.462,171,0.731,86,289,375,93,50,30,77,137,1010
davisba01,13000000.0,CLE,187.5,,,davisba01,2010-11,CLE,NBA,27,PG,15,9,380,75,178,0.421,36,87,0.414,39,91,0.429,22,0.815,6,30,36,92,16,6,39,29,208
varejan01,7281818.0,CLE,205,9,31,varejan01,2010-11,CLE,NBA,81,C,31,31,994,114,216,0.528,0,2,0.0,114,214,0.533,54,0.667,98,203,301,45,27,38,40,87,282
gibsoda01,4015334.0,CLE,185,7,27,gibsoda01,2010-11,CLE,NBA,163,SG,67,15,1865,264,660,0.4,118,293,0.403,146,367,0.398,134,0.822,24,153,177,201,48,21,80,154,780
sessira01,3964320.0,CLE,187.5,6,27,sessira01,2010-11,CLE,NBA,423,PG,81,38,2133,362,776,0.466,3,15,0.2,359,761,0.472,348,0.823,46,209,255,419,60,8,178,93,1075
parkean01,2855700.0,CLE,195,,,parkean01,2010-11,CLE,NBA,95,SF,72,65,2091,220,552,0.399,86,227,0.379,134,325,0.412,74,0.779,33,185,218,218,67,10,80,109,600
holliry01,2333333.0,CLE,210,7,29,holliry01,2010-11,CLE,NBA,163,C,70,16,1182,131,219,0.598,0,0,0.0,131,219,0.598,111,0.681,70,116,186,26,22,42,67,199,373
hicksjj01,1528920.0,CLE,202.5,5,25,hicksjj01,2010-11,CLE,NBA,367,C,80,66,2256,429,936,0.458,0,5,0.0,429,931,0.461,247,0.673,217,478,695,91,48,54,173,215,1105
eyengch01,1020960.0,CLE,192.5,,,eyengch01,2010-11,CLE,NBA,28,SF,44,18,947,130,306,0.425,25,91,0.275,105,215,0.488,18,0.643,27,96,123,35,34,28,47,78,303
samuesa01,500000.0,CLE,202.5,,,samuesa01,2010-11,CLE,NBA,110,PF,37,10,701,110,241,0.456,0,3,0.0,110,238,0.462,68,0.618,75,83,158,17,15,18,53,88,288
geeal01,479735.0,CLE,195,4,26,geeal01,2010-11,CLE,NBA,80,SG,40,29,973,108,234,0.462,17,49,0.347,91,185,0.492,64,0.8,49,108,157,33,33,16,44,81,297
erdense01,473604.0,CLE,210,,,erdense01,2010-11,CLE,NBA,6,C,4,1,64,4,14,0.286,0,0,0.0,4,14,0.286,5,0.833,6,5,11,1,2,3,2,12,13
haranlu01,473604.0,CLE,200,,,haranlu01,2010-11,CLE,NBA,18,PF,21,0,399,51,135,0.378,14,56,0.25,37,79,0.468,14,0.778,23,65,88,20,11,10,11,44,130
johnsjo02,16324500.0,ATL,200,12,32,johnsjo02,2010-11,ATL,NBA,243,SG,72,72,2554,514,1161,0.443,89,300,0.297,425,861,0.494,195,0.802,59,232,291,338,47,7,146,131,1312
smithjo03,11600000.0,ATL,202.5,9,28,smithjo03,2010-11,ATL,NBA,316,PF,77,77,2645,497,1041,0.477,51,154,0.331,446,887,0.503,229,0.725,134,523,657,255,99,120,197,217,1274
crawfja01,10800000.0,ATL,195,13,33,crawfja01,2010-11,ATL,NBA,260,SG,76,0,2297,368,874,0.421,119,349,0.341,249,525,0.474,222,0.854,22,108,130,241,57,14,145,97,1077
hinriki01,9000000.0,ATL,187.5,10,33,hinriki01,2010-11,ATL,NBA,21,PG,24,22,686,80,185,0.432,32,76,0.421,48,109,0.44,14,0.667,7,46,53,78,19,7,37,66,206
willima02,6712500.0,ATL,202.5,8,27,willima02,2010-11,ATL,NBA,174,SF,65,52,1865,246,537,0.458,37,110,0.336,209,427,0.489,147,0.845,68,245,313,88,34,23,62,104,676
horfoal01,5444857.0,ATL,205,6,27,horfoal01,2010-11,ATL,NBA,188,C,77,77,2704,513,921,0.557,2,4,0.5,511,917,0.557,150,0.798,182,536,718,266,59,80,119,193,1178
pachuza01,4251250.0,ATL,207.5,10,30,pachuza01,2010-11,ATL,NBA,179,C,79,7,1244,107,232,0.461,0,0,0.0,107,232,0.461,135,0.754,119,214,333,58,34,22,69,184,349
teaguje01,1476840.0,ATL,185,4,25,teaguje01,2010-11,ATL,NBA,97,PG,70,7,963,133,304,0.438,18,48,0.375,115,256,0.449,77,0.794,11,91,102,138,45,25,64,82,361
collija04,1352181.0,ATL,210,12,35,collija04,2010-11,ATL,NBA,41,C,49,28,593,34,71,0.479,1,1,1.0,33,70,0.471,27,0.659,30,72,102,22,9,9,26,97,96
wilkida02,748656.0,ATL,195,9,34,wilkida02,2010-11,ATL,NBA,56,SF,52,0,676,69,137,0.504,2,10,0.2,67,127,0.528,40,0.714,23,67,90,41,27,9,21,72,180
paulch01,14940153.0,NOH,180,8,28,paulch01,2010-11,NOH,NBA,384,PG,80,80,2880,430,928,0.463,71,183,0.388,359,745,0.482,337,0.878,38,289,327,782,188,5,177,196,1268
okafoem01,11495000.0,NOH,205,9,31,okafoem01,2010-11,NOH,NBA,258,C,72,72,2287,300,524,0.573,0,1,0.0,300,523,0.574,145,0.562,230,454,684,42,40,127,119,230,745
westda01,8287500.0,NOH,202.5,10,33,westda01,2010-11,NOH,NBA,327,PF,70,70,2451,528,1040,0.508,2,9,0.222,526,1031,0.51,264,0.807,155,374,529,164,67,62,142,202,1322
arizatr01,6322320.0,NOH,200,9,28,arizatr01,2010-11,NOH,NBA,197,SF,75,75,2600,303,762,0.398,82,271,0.303,221,491,0.45,138,0.701,61,347,408,162,120,31,118,180,826
jackja01,4600000.0,NOH,187.5,8,30,jackja01,2010-11,NOH,NBA,168,SG,70,2,1375,212,515,0.412,29,84,0.345,183,431,0.425,142,0.845,14,117,131,183,40,6,76,77,595
greenwi01,3976000.0,NOH,190,10,32,greenwi01,2010-11,NOH,NBA,100,SG,77,13,1674,270,609,0.443,54,155,0.348,216,454,0.476,78,0.78,22,139,161,74,36,13,67,143,672
landrca01,3000000.0,NOH,202.5,6,30,landrca01,2010-11,NOH,NBA,73,PF,23,10,602,107,203,0.527,0,1,0.0,107,202,0.53,58,0.795,38,56,94,13,10,12,27,71,272
belinma01,2380270.0,NOH,192.5,6,27,belinma01,2010-11,NOH,NBA,125,SG,80,69,1957,302,691,0.437,134,324,0.414,168,367,0.458,98,0.784,17,134,151,92,38,6,77,146,836
smithja02,2187913.0,NOH,210,5,27,smithja02,2010-11,NOH,NBA,70,C,77,6,1102,136,307,0.443,0,2,0.0,136,305,0.446,59,0.843,89,152,241,36,26,32,53,150,331
pondequ01,1073280.0,NOH,195,3,25,pondequ01,2010-11,NOH,NBA,34,SF,66,6,734,73,180,0.406,18,50,0.36,55,130,0.423,24,0.706,23,65,88,28,17,10,16,63,188
grayaa01,1028840.0,NOH,210,6,29,grayaa01,2010-11,NOH,NBA,34,C,41,6,531,56,99,0.566,0,0,0.0,56,99,0.566,17,0.5,59,112,171,16,11,12,32,96,129
pavloal01,67432.0,NOH,200,10,30,pavloal01,2010-11,NOH,NBA,0,SG,4,1,50,2,11,0.182,0,5,0.0,2,6,0.333,0,0.0,0,6,6,6,0,4,1,4,4
willide01,14940152.0,NJN,187.5,8,29,willide01,2010-11,NJN,NBA,58,PG,12,12,456,59,169,0.349,16,59,0.271,43,110,0.391,46,0.793,8,47,55,153,15,3,43,38,180
gadzuda01,7248325.0,NJN,207.5,10,36,gadzuda01,2010-11,NJN,NBA,13,PF,14,5,166,17,41,0.415,0,0,0.0,17,41,0.415,5,0.385,18,31,49,3,3,11,8,28,39
outlatr01,7000000.0,NJN,202.5,10,29,outlatr01,2010-11,NJN,NBA,171,SF,82,55,2358,274,731,0.375,76,252,0.302,198,479,0.413,132,0.772,54,271,325,84,34,36,71,148,756
morroan01,4000000.0,NJN,192.5,5,28,morroan01,2010-11,NJN,NBA,107,SG,58,47,1856,279,620,0.45,110,260,0.423,169,360,0.469,96,0.897,37,135,172,68,19,7,54,135,764
farmajo01,3750000.0,NJN,185,6,27,farmajo01,2010-11,NJN,NBA,100,PG,73,18,1796,255,651,0.392,109,304,0.359,146,347,0.421,82,0.82,24,149,173,368,62,6,139,128,701
wrighbr03,3398072.0,NJN,202.5,5,26,wrighbr03,2010-11,NJN,NBA,17,PF,16,1,184,22,54,0.407,0,0,0.0,22,54,0.407,14,0.824,17,31,48,7,8,7,4,15,58
petrojo01,3250000.0,NJN,210,8,28,petrojo01,2010-11,NJN,NBA,28,C,77,1,893,129,290,0.445,0,4,0.0,129,286,0.451,15,0.536,62,150,212,44,34,34,46,178,273
humphkr01,3200000.0,NJN,202.5,9,29,humphkr01,2010-11,NJN,NBA,191,PF,74,44,2061,307,583,0.527,0,1,0.0,307,582,0.527,127,0.665,225,546,771,84,33,80,103,168,741
lopezbr01,2413320.0,NJN,210,5,25,lopezbr01,2010-11,NJN,NBA,489,C,82,82,2889,644,1309,0.492,0,1,0.0,644,1308,0.492,385,0.787,197,291,488,129,47,120,176,240,1673
jamesda01,1156320.0,NJN,197.5,3,26,jamesda01,2010-11,NJN,NBA,28,SF,25,9,403,46,103,0.447,0,3,0.0,46,100,0.46,18,0.643,17,68,85,20,16,12,25,36,110
uzohbe01,473604.0,NJN,187.5,,,uzohbe01,2010-11,NJN,NBA,56,PG,42,0,438,61,144,0.424,3,8,0.375,58,136,0.426,33,0.589,30,31,61,69,13,8,25,29,158
diawbo01,9000000.0,CHA,200,10,31,diawbo01,2010-11,CHA,NBA,123,PF,82,82,2778,381,774,0.492,78,226,0.345,303,548,0.553,84,0.683,105,309,414,337,74,46,166,190,924
jacksst02,8453250.0,CHA,200,13,35,jacksst02,2010-11,CHA,NBA,305,SG,67,67,2405,435,1059,0.411,121,359,0.337,314,700,0.449,249,0.816,53,251,304,241,80,28,209,161,1240
przybjo01,7405300.0,CHA,212.5,13,34,przybjo01,2010-11,CHA,NBA,4,C,5,0,74,4,10,0.4,0,0,0.0,4,10,0.4,1,0.25,9,15,24,0,0,1,7,16,9
thomaty01,6611570.0,CHA,202.5,7,27,thomaty01,2010-11,CHA,NBA,136,C,41,2,861,156,331,0.471,0,3,0.0,156,328,0.476,107,0.787,65,159,224,29,30,66,65,113,419
diopde01,6478600.0,CHA,210,12,32,diopde01,2010-11,CHA,NBA,11,C,16,0,181,8,24,0.333,0,0,0.0,8,24,0.333,4,0.364,12,28,40,7,4,15,11,26,20
carroma01,4300000.0,CHA,195,,,carroma01,2010-11,CHA,NBA,52,SG,54,1,582,89,199,0.447,17,46,0.37,72,153,0.471,40,0.769,12,56,68,23,17,6,23,43,235
livinsh01,3500000.0,CHA,197.5,8,28,livinsh01,2010-11,CHA,NBA,125,PG,73,0,1261,185,397,0.466,1,4,0.25,184,393,0.468,108,0.864,29,120,149,164,47,29,88,109,479
najered01,3000000.0,CHA,200,,,najered01,2010-11,CHA,NBA,11,PF,31,0,372,26,72,0.361,11,34,0.324,15,38,0.395,6,0.545,14,30,44,20,11,6,13,52,69
augusdj01,2540400.0,CHA,180,5,26,augusdj01,2010-11,CHA,NBA,297,PG,82,82,2757,399,958,0.416,111,333,0.333,288,625,0.461,269,0.906,38,187,225,498,54,3,155,152,1178
hendege02,2103840.0,CHA,192.5,4,26,hendege02,2010-11,CHA,NBA,163,SG,68,30,1661,259,570,0.454,7,36,0.194,252,534,0.472,128,0.785,49,158,207,101,50,32,64,118,653
brownkw01,1229255.0,CHA,207.5,12,31,brownkw01,2010-11,CHA,NBA,231,C,66,50,1714,194,375,0.517,0,0,0.0,194,375,0.517,136,0.589,147,303,450,43,26,39,69,174,524
whitedj01,1108680.0,CHA,202.5,5,27,whitedj01,2010-11,CHA,NBA,54,C,24,0,466,81,154,0.526,0,2,0.0,81,152,0.533,41,0.759,31,75,106,15,6,12,7,46,203
mcguido01,884120.0,CHA,202.5,6,28,mcguido01,2010-11,CHA,NBA,39,SF,52,8,760,72,182,0.396,0,2,0.0,72,180,0.4,30,0.769,63,136,199,43,10,33,25,94,174
brownde04,762195.0,CHA,197.5,,,brownde04,2010-11,CHA,NBA,47,SF,41,1,488,62,113,0.549,2,6,0.333,60,107,0.561,25,0.532,32,52,84,29,16,8,28,48,151
cunnida01,762195.0,CHA,200,4,26,cunnida01,2010-11,CHA,NBA,17,SF,22,9,529,92,181,0.508,1,9,0.111,91,172,0.529,13,0.765,23,65,88,13,15,11,18,38,198
reddmi01,18300000.0,MIL,195,,,reddmi01,2010-11,MIL,NBA,4,SG,10,0,134,18,45,0.4,4,17,0.235,14,28,0.5,4,1.0,0,8,8,12,2,1,4,4,44
bogutan01,11000000.0,MIL,210,8,29,bogutan01,2010-11,MIL,NBA,217,C,65,65,2297,367,742,0.495,0,4,0.0,367,738,0.497,96,0.442,199,521,720,131,47,168,125,217,830
maggeco01,9600000.0,MIL,195,14,34,maggeco01,2010-11,MIL,NBA,325,SF,67,18,1401,253,559,0.453,28,78,0.359,225,481,0.468,271,0.834,44,197,241,84,21,5,127,175,805
salmojo01,8000000.0,MIL,197.5,11,34,salmojo01,2010-11,MIL,NBA,240,SG,73,70,2554,373,898,0.415,83,219,0.379,290,679,0.427,195,0.813,27,239,266,252,72,28,137,157,1024
goodedr01,5760000.0,MIL,205,11,32,goodedr01,2010-11,MIL,NBA,102,PF,35,18,860,156,362,0.431,3,20,0.15,153,342,0.447,81,0.794,73,165,238,47,21,18,46,98,396
delfica01,3500000.0,MIL,195,8,31,delfica01,2010-11,MIL,NBA,75,SF,49,40,1590,200,513,0.39,105,284,0.37,95,229,0.415,60,0.8,24,176,200,112,76,8,57,72,565
jennibr01,2331120.0,MIL,182.5,4,24,jennibr01,2010-11,MIL,NBA,246,PG,63,61,2169,361,926,0.39,98,303,0.323,263,623,0.422,199,0.809,42,192,234,305,95,21,146,131,1019
ilyaser01,2320500.0,MIL,202.5,5,26,ilyaser01,2010-11,MIL,NBA,104,PF,60,34,1505,221,507,0.436,36,121,0.298,185,386,0.479,93,0.894,105,260,365,56,51,24,63,159,571
doolike01,2000000.0,MIL,187.5,13,33,doolike01,2010-11,MIL,NBA,94,PG,80,22,1757,206,519,0.397,81,234,0.346,125,285,0.439,78,0.83,12,105,117,243,54,4,91,119,571
sandela01,1731960.0,MIL,207.5,3,25,sandela01,2010-11,MIL,NBA,50,C,60,12,872,116,268,0.433,0,0,0.0,116,268,0.433,28,0.56,59,119,178,16,22,72,38,117,260
boykiea01,1352181.0,MIL,162.5,,,boykiea01,2010-11,MIL,NBA,82,PG,57,0,862,156,352,0.443,27,71,0.38,129,281,0.459,69,0.841,15,40,55,141,38,3,52,43,408
brockjo01,1000000.0,MIL,197.5,,,brockjo01,2010-11,MIL,NBA,59,C,63,6,677,48,94,0.511,0,0,0.0,48,94,0.511,40,0.678,74,110,184,18,14,3,24,119,136
mbahalu01,854389.0,MIL,200,5,27,mbahalu01,2010-11,MIL,NBA,188,PF,79,52,2093,198,428,0.463,0,7,0.0,198,421,0.47,133,0.707,169,251,420,68,72,28,77,180,529
skinnbr01,270436.0,MIL,202.5,,,skinnbr01,2010-11,MIL,NBA,0,C,2,0,6,0,0,0,0,0,0.0,0,0,0.0,0,0.0,0,0,0,0,0,0,0,0,0
